name;classes;school;cast_time;range;duration;material_cost;verbal;somatic;date
Acid Splash;Artificer, Sorcerer, Wizard;Conjuration;Action;18.29;Instantaneous;;1;1;27/05/14
Aid;Artificer, Bard, Cleric, Paladin, Ranger;Abjuration;Action;9.15;8 hours;a tiny strip of white cloth;1;1;27/05/14
Alarm;Artificer, Ranger, Wizard;Abjuration;Action;9.15;8 hours;a tiny bell and a piece of fine silver wire;1;1;27/05/14
Alter Self;Artificer, Sorcerer, Wizard;Transmutation;Action;0.00;Concentration, up to 1 hour;;1;1;27/05/14
Animal Friendship;Bard, Druid, Ranger;Enchantment;Action;9.15;24 hours;a cup of water;1;1;27/05/14
Animal Messenger;Bard, Druid, Ranger;Enchantment;Action;9.15;24 hours;a morsel of food;1;1;27/05/14
Animal Shapes;Druid;Transmutation;Action;9.15;Concentration, up to 24 hours;;1;1;27/05/14
Animate Dead;Cleric, Wizard;Necromancy;1 Minute;3.05;Instantaneous;a drop of blood, a piece of flesh, and a pinch of bone dust;1;1;27/05/14
Animate Objects;Artificer, Bard, Sorcerer, Wizard;Transmutation;Action;36.58;Concentration, up to 1 minute;;1;1;27/05/14
Antilife Shell;Druid;Abjuration;Action;0.00;Concentration, up to 1 hour;;1;1;27/05/14
Antimagic Field;Cleric, Wizard;Abjuration;Action;0.00;Concentration, up to 1 hour;a pinch of powdered iron or iron filings;1;1;27/05/14
Antipathy/Sympathy;Bard, Druid, Wizard;Enchantment;1 Hour;18.29;10 days;either a lump of alum soaked in vinegar for the antipathy effect or a drop of honey for the sympathy effect;1;1;27/05/14
Arcane Eye;Artificer, Wizard;Divination;Action;9.15;Concentration, up to 1 hour;a bit of bat fur;1;1;27/05/14
Arcane Gate;Sorcerer, Warlock, Wizard;Conjuration;Action;152.40;Concentration, up to 10 minutes;;1;1;27/05/14
Arcane Lock;Artificer, Wizard;Abjuration;Action;0.00;Until dispelled;gold dust worth at least 25 gp, which the spell consumes;1;1;27/05/14
Armor of Agathys;Warlock;Abjuration;Action;0.00;1 hour;a morsel of food;1;1;27/05/14
Arms of Hadar;Warlock;Conjuration;Action;0.00;Instantaneous;;1;1;27/05/14
Astral Projection;Cleric, Warlock, Wizard;Evocation;1 Hour;3.05;Special;for each creature you affect with this spell, you must provide one jacinth worth at least 1,000 gp and one ornately carved bar of silver worth at least 100 gp, all of which the spell consumes;1;1;27/05/14
Augury;Cleric, Druid, Wizard;Divination;1 Minute;0.00;Instantaneous;specially marked sticks, bones, or similar tokens worth at least 25 gp;1;1;27/05/14
Aura of Life;Cleric, Paladin;Abjuration;Action;0.00;Concentration, up to 10 minutes;;1;0;27/05/14
Aura of Purity;Cleric, Paladin;Abjuration;Action;0.00;Concentration, up to 10 minutes;;1;0;27/05/14
Aura of Vitality;Cleric, Druid, Paladin;Evocation;Action;0.00;Concentration, up to 1 minute;;1;0;27/05/14
Awaken;Bard, Druid;Transmutation;8 Hours;0.00;Instantaneous;an agate worth at least 1,000 gp, which the spell consumes;1;1;27/05/14
Bane;Bard, Cleric;Enchantment;Action;9.15;Concentration, up to 1 minute;a drop of blood;1;1;27/05/14
Banishing Smite;Paladin;Abjuration;Bonus;0.00;Concentration, up to 1 minute;;1;0;27/05/14
Banishment;Cleric, Paladin, Sorcerer, Warlock, Wizard;Abjuration;Action;18.29;Concentration, up to 1 minutes;an item distasteful to the target;1;1;27/05/14
Barkskin;Druid, Ranger;Transmutation;Action;0.00;Concentration, up to 1 hour;a handful of oak bark;1;1;27/05/14
Beacon of Hope;Cleric;Abjuration;Action;9.15;Concentration, up to 1 minute;;1;1;27/05/14
Beast Sense;Druid, Ranger;Divination;Action;0.00;Concentration, up to 1 hour;;0;1;27/05/14
Bestow Curse;Bard, Cleric, Wizard;Necromancy;Action;0.00;Concentration, up to 1 minute;;1;1;27/05/14
Bigby's Hand;Artificer, Sorcerer, Wizard;Evocation;Action;36.58;Concentration, up to 1 minute;an eggshell and a snakeskin glove;1;1;27/05/14
Blade Barrier;Cleric;Evocation;Action;27.43;Concentration, up to 10 minutes;;1;1;27/05/14
Blade of Disaster;Sorcerer, Warlock, Wizard;Conjuration;Bonus;18.29;Concentration, up to 1 minute;;1;1;27/05/14
Blade Ward;Bard, Sorcerer, Warlock, Wizard;Abjuration;Action;0.00;1 round;;1;1;27/05/14
Bless;Cleric, Paladin;Enchantment;Action;9.15;Concentration, up to 1 minute;a sprinkling of holy water;1;1;27/05/14
Blight;Druid, Sorcerer, Warlock, Wizard;Necromancy;Action;9.15;Instantaneous;;1;1;27/05/14
Blinding Smite;Paladin;Evocation;Bonus;0.00;Concentration, up to 1 minute;;1;0;27/05/14
Blindness/Deafness;Bard, Cleric, Sorcerer, Wizard;Necromancy;Action;9.15;1 minute;;1;0;27/05/14
Blink;Artificer, Sorcerer, Wizard;Transmutation;Action;0.00;1 minute;;1;1;27/05/14
Blur;Artificer, Sorcerer, Wizard;Illusion;Action;0.00;Concentration, up to 1 minute;;1;0;27/05/14
Branding Smite;Paladin;Evocation;Bonus;0.00;Concentration, up to 1 minute;;1;0;27/05/14
Burning Hands;Sorcerer, Wizard;Evocation;Action;0.00;Instantaneous;;1;1;27/05/14
Call Lightning;Druid;Conjuration;Action;36.58;Concentration, up to 10 minutes;;1;1;27/05/14
Calm Emotions;Bard, Cleric;Enchantment;Action;18.29;Concentration, up to 1 minute;;1;1;27/05/14
Chain Lightning;Sorcerer, Wizard;Evocation;Action;45.72;Instantaneous;a bit of fur, a piece of amber, glass, or a crystal rod, and three silver pins;1;1;27/05/14
Charm Person;Bard, Druid, Sorcerer, Warlock, Wizard;Enchantment;Action;9.15;1 hour;;1;1;27/05/14
Chill Touch;Sorcerer, Warlock, Wizard;Necromancy;Action;36.58;1 round;;1;1;27/05/14
Chromatic Orb;Sorcerer, Wizard;Evocation;Action;27.43;Instantaneous;a diamond worth at least 50 gp;1;1;27/05/14
Circle of Death;Sorcerer, Warlock, Wizard;Necromancy;Action;45.72;Instantaneous;the powder of a crushed black pearl worth at least 500 gp;1;1;27/05/14
Circle of Power;Paladin;Abjuration;Action;0.00;Concentration, up to 10 minutes;;1;0;27/05/14
Clairvoyance;Bard, Cleric, Sorcerer, Wizard;Divination;10 Minutes;1609.34;Concentration, up to 10 minutes;a focus worth at least 100 gp, either a jeweled horn for hearing or a glass eye for seeing;1;1;27/05/14
Clone;Wizard;Necromancy;1 Hour;0.00;Instantaneous;a diamond worth at least 1000 gp and at least 1 cubic inch of flesh of the creature that is to be cloned, which the spell consumes. A vessel worth at least 2000 gp that has a sealable lid and is large enough to hold a Medium creature, such as a huge urn, coffin, mud-filled cyst in the ground, or crystal container filled with salt water;1;1;27/05/14
Cloud of Daggers;Bard, Sorcerer, Warlock, Wizard;Conjuration;Action;18.29;Concentration, up to 1 minute;a sliver of glass;1;1;27/05/14
Cloudkill;Sorcerer, Wizard;Conjuration;Action;36.58;Concentration, up to 10 minutes;;1;1;27/05/14
Color Spray;Bard, Sorcerer, Wizard;Illusion;Action;0.00;1 round;A pinch of powder or sand that is colored red, yellow, and blue;1;1;27/05/14
Command;Bard, Cleric, Paladin;Enchantment;Action;18.29;1 round;;1;0;27/05/14
Commune;Cleric;Divination;1 Minute;0.00;1 minute;incense and a vial of holy or unholy water;1;1;27/05/14
Commune with Nature;Druid, Ranger;Divination;1 Minute;0.00;Instantaneous;;1;1;27/05/14
Compelled Duel;Paladin;Enchantment;Bonus;9.15;Concentration, up to 1 minute;;1;0;27/05/14
Comprehend Languages;Bard, Sorcerer, Warlock, Wizard;Divination;Action;0.00;1 hour;a pinch of soot and salt;1;1;27/05/14
Compulsion;Bard;Enchantment;Action;9.15;Concentration, up to 1 minute;;1;1;27/05/14
Cone of Cold;Druid, Sorcerer, Wizard;Evocation;Action;0.00;Instantaneous;a small crystal or glass cone;1;1;27/05/14
Confusion;Bard, Druid, Sorcerer, Wizard;Enchantment;Action;27.43;Concentration, up to 1 minute;three nut shells;1;1;27/05/14
Conjure Animals;Druid, Ranger;Conjuration;Action;18.29;Concentration, up to 1 hour;;1;1;27/05/14
Conjure Barrage;Ranger;Conjuration;Action;0.00;Instantaneous;one piece of ammunition or a thrown weapon;1;1;27/05/14
Conjure Celestial;Cleric;Conjuration;1 Minute;27.43;Concentration, up to 1 hour;;1;1;27/05/14
Conjure Elemental;Druid, Wizard;Conjuration;Action;27.43;Concentration, up to 1 hour;burning incense for air, soft clay for earth, sulfur and phosphorus for fire, or water and sand for water;1;1;27/05/14
Conjure Fey;Druid, Warlock;Conjuration;Action;27.43;Concentration, up to 1 hour;;1;1;27/05/14
Conjure Minor Elementals;Druid, Wizard;Conjuration;1 Minute;27.43;Concentration, up to 1 hour;;1;1;27/05/14
Conjure Volley;Ranger;Conjuration;Action;45.72;Instantaneous;one piece of ammunition or one thrown weapon;1;1;27/05/14
Conjure Woodland Beings;Druid, Ranger;Conjuration;Action;18.29;Concentration, up to 1 hour;one holly berry per creature summoned;1;1;27/05/14
Contact Other Plane;Warlock, Wizard;Divination;1 Minute;0.00;1 minute;;1;0;27/05/14
Contagion;Cleric, Druid;Necromancy;Action;0.00;7 days;;1;1;27/05/14
Contingency;Wizard;Evocation;10 Minutes;0.00;10 days;a statuette of yourself carved from ivory and decorated with gems worth at least 1,500 gp;1;1;27/05/14
Continual Flame;Artificer, Cleric, Druid, Wizard;Evocation;Action;0.00;Until dispelled;ruby dust worth 50 gp, which the spell consumes;1;1;27/05/14
Control Water;Cleric, Druid, Wizard;Transmutation;Action;91.44;Concentration, up to 10 minutes;a drop of water and a pinch of dust;1;1;27/05/14
Control Weather;Cleric, Druid, Wizard;Transmutation;10 Minutes;0.00;Concentration, up to 8 hours;(burning incense and bits of earth and wood mixed in water;1;1;27/05/14
Cordon of Arrows;Ranger;Transmutation;Action;1.52;8 hours;four or more arrows or bolts;1;1;27/05/14
Counterspell;Sorcerer, Warlock, Wizard;Abjuration;Reaction;18.29;Instantaneous;;0;1;27/05/14
Create Food and Water;Artificer, Cleric, Paladin;Conjuration;Action;9.15;Instantaneous;;1;1;27/05/14
Create or Destroy Water;Cleric, Druid;Transmutation;Action;9.15;Instantaneous;a drop of water if creating water or a few grains of sand if destroying it;1;1;27/05/14
Create Undead;Cleric, Warlock, Wizard;Necromancy;1 Minute;3.05;Instantaneous;one clay pot filled with grave dirt, one clay pot filled with brackish water, and one 150 gp black onyx stone for each corpse;1;1;27/05/14
Creation;Artificer, Sorcerer, Wizard;Illusion;Action;9.15;Special;a tiny piece of matter of the same type of the item you plan to create;1;1;27/05/14
Crown of Madness;Bard, Sorcerer, Warlock, Wizard;Enchantment;Action;36.58;Concentration, up to 1 minute;;1;1;27/05/14
Crusader's Mantle;Paladin;Evocation;Action;0.00;Concentration, up to 1 minute;;1;0;27/05/14
Cure Wounds;Artificer, Bard, Cleric, Druid, Paladin, Ranger;Evocation;Action;0.00;Instantaneous;;1;1;27/05/14
Dancing Lights;Artificer, Bard, Sorcerer, Wizard;Evocation;Action;36.58;Concentration, up to 1 minute;a bit of phosphorus or wychwood, or a glowworm;1;1;27/05/14
Darkness;Sorcerer, Warlock, Wizard;Evocation;Action;18.29;Concentration, up to 10 minutes;bat fur and a drop of pitch or piece of coal;1;0;27/05/14
Darkvision;Artificer, Druid, Ranger, Sorcerer, Wizard;Transmutation;Action;0.00;8 hours;either a pinch of dried carrot or an agate;1;1;27/05/14
Daylight;Cleric, Druid, Paladin, Ranger, Sorcerer;Evocation;Action;18.29;1 hour;;1;1;27/05/14
Death Ward;Cleric, Paladin;Abjuration;Action;0.00;8 hours;;1;1;27/05/14
Delayed Blast Fireball;Sorcerer, Wizard;Evocation;Action;45.72;Concentration, up to 1 minute;a tiny ball of bat guano and sulfur;1;1;27/05/14
Demiplane;Sorcerer, Warlock, Wizard;Conjuration;Action;18.29;1 hour;;0;1;27/05/14
Destructive Wave;Paladin;Evocation;Action;0.00;Instantaneous;;1;0;27/05/14
Detect Evil and Good;Cleric, Paladin;Divination;Action;0.00;Concentration, up to 10 minutes;;1;1;27/05/14
Detect Magic;Artificer, Bard, Cleric, Druid, Paladin, Ranger, Sorcerer, Wizard;Divination;Action;0.00;Concentration, up to 10 minutes;;1;1;27/05/14
Detect Poison and Disease;Cleric, Druid, Paladin, Ranger;Divination;Action;0.00;Concentration, up to 10 minutes;a yew leaf;1;1;27/05/14
Detect Thoughts;Bard, Sorcerer, Wizard;Divination;Action;0.00;Concentration, up to 1 minute;a copper piece;1;1;27/05/14
Dimension Door;Bard, Sorcerer, Warlock, Wizard;Conjuration;Action;152.40;Instantaneous;;1;0;27/05/14
Disguise Self;Artificer, Bard, Sorcerer, Wizard;Illusion;Action;0.00;1 hour;;1;1;27/05/14
Disintegrate;Sorcerer, Wizard;Transmutation;Action;18.29;Instantaneous;a lodestone and a pinch of dust;1;1;27/05/14
Dispel Evil and Good;Cleric, Paladin;Abjuration;Action;0.00;Concentration, up to 1 minute;holy water or powdered silver and iron;1;1;27/05/14
Dispel Magic;Artificer, Bard, Cleric, Druid, Paladin, Sorcerer, Warlock, Wizard;Abjuration;Action;36.58;Instantaneous;;1;1;27/05/14
Dissonant Whispers;Bard;Enchantment;Action;18.29;Instantaneous;;1;0;27/05/14
Distort Value;Bard, Sorcerer, Warlock, Wizard;Illusion;1 Minute;0.00;8 hours;;1;0;27/05/14
Divination;Cleric, Druid, Wizard;Divination;Action;0.00;Instantaneous;incense and a sacrificial offering appropriate to your religion, together worth at least 25 gp, which the spell consumes;1;1;27/05/14
Divine Favor;Paladin;Evocation;Bonus;0.00;Concentration, up to 1 minute;;1;1;27/05/14
Divine Word;Cleric;Evocation;Bonus;9.15;Instantaneous;;1;0;27/05/14
Dominate Beast;Druid, Ranger, Sorcerer;Enchantment;Action;18.29;Concentration, up to 1 minute;;1;1;27/05/14
Dominate Monster;Bard, Sorcerer, Warlock, Wizard;Enchantment;Action;18.29;Concentration, up to 1 hour;;1;1;27/05/14
Dominate Person;Bard, Sorcerer, Wizard;Enchantment;Action;18.29;Concentration, up to 1 minute;;1;1;27/05/14
Drawmij's Instant Summons;Wizard;Conjuration;1 Minute;0.00;Until dispelled;a sapphire worth 1,000 gp;1;1;27/05/14
Dream;Bard, Warlock, Wizard;Illusion;1 Minute;;8 hours;a handful of sand, a dab of ink, and a writing quill plucked from a sleeping bird;1;1;27/05/14
Druidcraft;Druid;Transmutation;Action;9.15;Instantaneous;;1;1;27/05/14
Earthquake;Cleric, Druid, Sorcerer;Evocation;Action;152.40;Concentration, up to 1 minute;a pinch o f dirt, a piece o f rock, and a lump of clay;1;1;27/05/14
Eldritch Blast;Warlock;Evocation;Action;36.58;Instantaneous;;1;1;27/05/14
Elemental Weapon;Artificer, Druid, Paladin, Ranger;Transmutation;Action;0.00;Concentration, up to 1 hour;;1;1;27/05/14
Enhance Ability;Artificer, Bard, Cleric, Druid, Ranger, Sorcerer, Wizard;Transmutation;Action;0.00;Concentration, up to 1 hour;fur or a feather from a beast;1;1;27/05/14
Enlarge/Reduce;Artificer, Bard, Druid, Sorcerer, Wizard;Transmutation;Action;9.15;Concentration, up to 1 minute;(a pinch of powdered iron;1;1;27/05/14
Ensnaring Strike;Ranger;Conjuration;Bonus;0.00;Concentration, up to 1 minute;;1;0;27/05/14
Entangle;Druid, Ranger;Conjuration;Action;27.43;Concentration, up to 1 minute;;1;1;27/05/14
Enthrall;Bard, Warlock;Enchantment;Action;18.29;1 minute;;1;1;27/05/14
Etherealness;Bard, Cleric, Sorcerer, Warlock, Wizard;Transmutation;Action;0.00;Up to 8 hours;;1;1;27/05/14
Evard's Black Tentacles;Wizard;Conjuration;Action;27.43;Concentration, up to 1 minute;a piece of tentacle from a giant octopus or a giant squid;1;1;27/05/14
Expeditious Retreat;Artificer, Sorcerer, Warlock, Wizard;Transmutation;Bonus;0.00;Concentration, up to 10 minutes;;1;1;27/05/14
Eyebite;Bard, Sorcerer, Warlock, Wizard;Necromancy;Action;0.00;Concentration, up to 1 minute;;1;1;27/05/14
Fabricate;Artificer, Wizard;Transmutation;10 Minutes;36.58;Instantaneous;;1;1;27/05/14
Faerie Fire;Artificer, Bard, Druid;Evocation;Action;18.29;Concentration, up to 1 minute;;1;0;27/05/14
False Life;Artificer, Sorcerer, Wizard;Necromancy;Action;0.00;1 hour;a small amount of alcohol or distilled spirits;1;1;27/05/14
Fear;Bard, Sorcerer, Warlock, Wizard;Illusion;Action;0.00;Concentration, up to 1 minute;a white feather or the heart of a hen;1;1;27/05/14
Feather Fall;Artificer, Bard, Sorcerer, Wizard;Transmutation;Reaction;18.29;1 minute;a small feather or piece of down;1;0;27/05/14
Feeblemind;Bard, Druid, Warlock, Wizard;Enchantment;Action;45.72;Instantaneous;a handful of clay, crystal, glass, or mineral spheres;1;1;27/05/14
Feign Death;Bard, Cleric, Druid, Wizard;Necromancy;Action;0.00;1 hour;a pinch of graveyard dirt;1;1;27/05/14
Find Familiar;Wizard;Conjuration;1 Hour;3.05;Instantaneous;10 gp worth of charcoal, incense, and herbs that must be consumed by fire in a brass brazier;1;1;27/05/14
Find Steed;Paladin;Conjuration;10 Minutes;9.15;Instantaneous;;1;1;27/05/14
Find the Path;Bard, Cleric, Druid;Divination;1 Minute;0.00;Concentration, up to 1 day;a set of divinatory tools – such as bones, ivory sticks, cards, teeth, or carved runes – worth 100 gp, and an object from the location you wish to find;1;1;27/05/14
Find Traps;Cleric, Druid, Ranger;Divination;Action;36.58;Instantaneous;;1;1;27/05/14
Finger of Death;Sorcerer, Warlock, Wizard;Necromancy;Action;18.29;Instantaneous;;1;1;27/05/14
Fire Bolt;Artificer, Sorcerer, Wizard;Evocation;Action;36.58;Instantaneous;;1;1;27/05/14
Fire Shield;Druid, Sorcerer, Wizard;Evocation;Action;0.00;10 minutes;a bit of phosphorus or a firefly;1;1;27/05/14
Fire Storm;Cleric, Druid, Sorcerer;Evocation;Action;45.72;Instantaneous;;1;1;27/05/14
Fireball;Sorcerer, Wizard;Evocation;Action;45.72;Instantaneous;a tiny ball of bat guano and sulfur;1;1;27/05/14
Flame Blade;Druid, Sorcerer;Evocation;Bonus;0.00;Concentration, up to 10 minutes;a leaf of sumac;1;1;27/05/14
Flame Stride (UA);Artificer, Ranger, Sorcerer, Wizard;Transmutation;Bonus;0.00;Concentration, up to 1 minute;;1;1;27/05/14
Flame Strike;Cleric;Evocation;Action;18.29;Instantaneous;pinch of sulfur;1;1;27/05/14
Flaming Sphere;Druid, Sorcerer, Wizard;Conjuration;Action;18.29;Concentration, up to 1 minute;a bit of tallow, a pinch of brimstone, and a dusting of powdered iron;1;1;27/05/14
Flesh to Stone;Druid, Sorcerer, Warlock, Wizard;Transmutation;Action;18.29;Concentration, up to 1 minute;a pinch of lime, water, and earth;1;1;27/05/14
Flock of Familiars;Warlock, Wizard;Conjuration;1 Minute;0.00;1 hour;;1;1;27/05/14
Fly;Artificer, Sorcerer, Warlock, Wizard;Transmutation;Action;0.00;Concentration, up to 10 minute;a wing feather from any bird;1;1;27/05/14
Fog Cloud;Druid, Ranger, Sorcerer, Wizard;Conjuration;Action;36.58;Concentration, up to 1 hour;;1;1;27/05/14
Forbiddance;Cleric;Abjuration;10 Minutes;0.00;1 day;a sprinkling of holy water, rare incense, and powdered ruby worth at least 1,000 gp;1;1;27/05/14
Forcecage;Bard, Warlock, Wizard;Evocation;Action;30.48;1 hour;ruby dust worth 1,500 gp;1;1;27/05/14
Foresight;Bard, Druid, Warlock, Wizard;Divination;1 Minute;0.00;8 hours;a hummingbird feather;1;1;27/05/14
Fortune's Favor;Wizard;Divination;Action;18.29;1 hour;a white pearl worth at least 100 gp, which the spell consumes;1;1;27/05/14
Freedom of Movement;Artificer, Bard, Cleric, Druid, Ranger;Abjuration;Action;0.00;1 hour;a leather strap, bound around the arm or a similar appendage;1;1;27/05/14
Friends;Bard, Sorcerer, Warlock, Wizard;Enchantment;Action;0.00;Concentration, up to 1 minute;a small amount of makeup applied to the face as this spell is cast;0;1;27/05/14
Gaseous Form;Sorcerer, Warlock, Wizard;Transmutation;Action;0.00;Concentration, up to 1 hour;a bit of gauze and a wisp of smoke;1;1;27/05/14
Gate;Cleric, Sorcerer, Warlock, Wizard;Conjuration;Action;18.29;Concentration, up to 1 minute;a diamond worth at least 5,000 gp;1;1;27/05/14
Geas;Bard, Cleric, Druid, Paladin, Wizard;Enchantment;1 Minute;18.29;30 days;;1;0;27/05/14
Gentle Repose;Cleric, Paladin, Wizard;Necromancy;Action;0.00;10 days;a pinch of salt and one copper piece placed on each of the corpse's eyes, which must remain there for the duration;1;1;27/05/14
Giant Insect;Druid;Transmutation;Action;9.15;Concentration, up to 10 minutes;;1;1;27/05/14
Gift of Alacrity;Wizard;Divination;1 Minute;0.00;8 hours;;1;1;27/05/14
Gift of Gab;Bard, Wizard;Enchantment;Reaction;0.00;Instantaneous;2 gold coins, which is consumed as tax for using the spell;1;1;27/05/14
Glibness;Bard, Warlock;Transmutation;Action;0.00;1 hour;;1;0;27/05/14
Globe of Invulnerability;Sorcerer, Wizard;Abjuration;Action;0.00;Concentration, up to 1 minute;a glass or crystal bead that shatters when the spell ends;1;1;27/05/14
Glyph of Warding;Artificer, Bard, Cleric, Wizard;Abjuration;1 Hour;0.00;Until dispelled or triggered;incense and powdered diamond worth at least 200 gp, which the spell consumes;1;1;27/05/14
Goodberry;Druid, Ranger;Transmutation;Action;0.00;Instantaneous;a sprig of mistletoe;1;1;27/05/14
Grasping Vine;Druid, Ranger;Conjuration;Bonus;9.15;Concentration, up to 1 minute;;1;1;27/05/14
Gravity Fissure;Wizard;Evocation;Action;0.00;Instantaneous;a fistful of iron filings;1;1;27/05/14
Gravity Sinkhole;Wizard;Evocation;Action;36.58;Instantaneous;a black marble;1;1;27/05/14
Grease;Artificer, Sorcerer, Wizard;Conjuration;Action;18.29;1 minute;a bit of pork rind or butter;1;1;27/05/14
Greater Invisibility;Bard, Sorcerer, Wizard;Illusion;Action;0.00;Concentration, up to 1 minute;;1;1;27/05/14
Greater Restoration;Artificer, Bard, Cleric, Druid, Ranger;Abjuration;Action;0.00;Instantaneous;diamond dust worth at least 100 gp, which the spell consumes;1;1;27/05/14
Guardian of Faith;Cleric;Conjuration;Action;9.15;8 hours;;1;0;27/05/14
Guards and Wards;Bard, Wizard;Abjuration;10 Minutes;0.00;24 hours;burning incense, a small measure of brimstone and oil, a knotted string, a small amount of umber hulk blood, and a small silver rod worth at least 10 gp;1;1;27/05/14
Guidance;Artificer, Cleric, Druid;Divination;Action;0.00;Concentration, up to 1 minute;;1;1;27/05/14
Guiding Bolt;Cleric;Evocation;Action;36.58;1 round;;1;1;27/05/14
Gust of Wind;Druid, Ranger, Sorcerer, Wizard;Evocation;Action;0.00;Concentration, up to 1 minute;a legume seed;1;1;27/05/14
Hail of Thorns;Ranger;Conjuration;Bonus;0.00;Concentration, up to 1 minute;;1;0;27/05/14
Hallow;Cleric;Evocation;24 Hours;0.00;Until dispelled;herbs, oils, and incense worth at least 1,000 gp, which the spell consumes;1;1;27/05/14
Hallucinatory Terrain;Bard, Druid, Warlock, Wizard;Illusion;10 Minutes;91.44;24 hours;a stone, a twig, and a bit of green plant;1;1;27/05/14
Harm;Cleric;Necromancy;Action;18.29;Instantaneous;;1;1;27/05/14
Haste;Artificer, Sorcerer, Wizard;Transmutation;Action;9.15;Concentration, up to 1 minute;a shaving of licorice root;1;1;27/05/14
Heal;Cleric, Druid;Evocation;Action;18.29;Instantaneous;;1;1;27/05/14
Healing Word;Bard, Cleric, Druid;Evocation;Bonus;18.29;Instantaneous;;1;0;27/05/14
Heat Metal;Artificer, Bard, Druid;Transmutation;Action;18.29;Concentration, up to 1 minute;a piece of iron and a flame;1;1;27/05/14
Hellish Rebuke;Warlock;Evocation;Reaction;18.29;Instantaneous;;1;1;27/05/14
Heroes' Feast;Bard, Cleric, Druid;Conjuration;10 Minutes;9.15;Instantaneous;a gem-encrusted bowl worth at least 1,000 gp, which the spell consumes;1;1;27/05/14
Heroism;Bard, Paladin;Enchantment;Action;0.00;Concentration, up to 1 minute;;1;1;27/05/14
Hex;Warlock;Enchantment;Bonus;27.43;Concentration, up to 1 hour;the petrified eye of a newt;1;1;27/05/14
Hold Monster;Bard, Sorcerer, Warlock, Wizard;Enchantment;Action;27.43;Concentration, up to 1 minute;a small, straight piece of iron;1;1;27/05/14
Hold Person;Bard,Cleric, Druid,Sorcerer, Warlock, Wizard;Enchantment;Action;18.29;Concentration, up to 1 minute;a small, straight piece of iron;1;1;27/05/14
Holy Aura;Cleric;Abjuration;Action;0.00;Concentration, up to 1 minute;a tiny reliquary worth at least 1,000 gp containing a sacred relic, such as a scrap of cloth from a saint's robe or a piece of parchment from a religious text;1;1;27/05/14
Hunger Of Hadar;Warlock;Conjuration;Action;45.72;Concentration, up to 1 minute;a pickled octopus tentacle;1;1;27/05/14
Hunter's Mark;Ranger;Divination;Bonus;27.43;Concentration, up to 1 hour;;1;0;27/05/14
Hypnotic Pattern;Bard, Sorcerer, Warlock, Wizard;Illusion;Action;36.58;Concentration, up to 1 minute;a glowing stick of incense or a crystal vial filled with phosphorescent material;0;1;27/05/14
Ice Storm;Druid, Sorcerer, Wizard;Evocation;Action;91.44;Instantaneous;a pinch of dust and a few drops of water;1;1;27/05/14
Identify;Artificer, Bard, Wizard;Divination;1 Minute;0.00;Instantaneous;a pearl worth at least 100 gp and an owl feather;1;1;27/05/14
Illusory Script;Bard, Warlock, Wizard;Illusion;1 Minute;0.00;10 days;a lead-based ink worth at least 10 gp, which the spell consumes;0;1;27/05/14
Imprisonment;Warlock, Wizard;Abjuration;1 Minute;9.15;Until dispelled;a vellum depiction or a carved statuette in the likeness of the target, and a special component that varies according to the version of the spell you choose, worth at least 500 gp per Hit Die of the target;1;1;27/05/14
Incendiary Cloud;Druid, Sorcerer, Wizard;Conjuration;Action;45.72;Concentration, up to 1 minute;;1;1;27/05/14
Inflict Wounds;Cleric;Necromancy;Action;0.00;Instantaneous;;1;1;27/05/14
Insect Plague;Cleric, Druid, Sorcerer;Conjuration;Action;91.44;Concentration, up to 10 minutes;a few grains of sugar, some kernels of grain, and a smear of fat;1;1;27/05/14
Invisibility;Artificer, Bard, Sorcerer, Warlock, Wizard;Transmutation;Action;0.00;Concentration, up to 1 hour;an eyelash encased in gum arabic;1;1;27/05/14
Jump;Artificer, Druid, Ranger, Sorcerer, Wizard;Transmutation;Action;0.00;1 minute;a grasshopper's hind leg;1;1;27/05/14
Knock;Bard, Sorcerer, Wizard;Transmutation;Action;18.29;Instantaneous;;1;0;27/05/14
Legend Lore;Bard, Cleric, Wizard;Divination;10 Minutes;0.00;Instantaneous;incense worth at least 250 gp, which the spell consumes, and four ivory strips worth at least 50 gp each;1;1;27/05/14
Leomund's Secret Chest;Artificer,Wizard;Conjuration;Action;0.00;Instantaneous;an exquisite chest, 3 feet by 2 feet by 2 feet, constructed from rare materials worth at least 5,000 gp, and a Tiny replica made from the same materials worth at least 50 gp;1;1;27/05/14
Leomund's Tiny Hut;Bard, Wizard;Evocation;1 Minute;0.00;8 hours;a small crystal bead;1;1;27/05/14
Lesser Restoration;Artificer, Bard, Cleric, Druid, Paladin, Ranger;Abjuration;Action;0.00;Instantaneous;;1;1;27/05/14
Levitate;Artificer, Sorcerer, Wizard;Transmutation;Action;18.29;Concentration, up to 10 minutes;either a small leather loop or a piece of golden wire bent into a cup shape with a long shank on one end;1;1;27/05/14
Light;Artificer, Bard, Cleric, Sorcerer, Wizard;Evocation;Action;0.00;1 hour;a firefly or phosphorescent moss;1;0;27/05/14
Lightning Arrow;Ranger;Transmutation;Bonus;0.00;Concentration, up to 1 minute;;1;1;27/05/14
Lightning Bolt;Sorcerer, Wizard;Evocation;Action;0.00;Instantaneous;a bit of fur and a rod of amber, crystal, or glass;1;1;27/05/14
Locate Animals or Plants;Bard, Druid, Ranger;Divination;Action;0.00;Instantaneous;a bit of fur from a bloodhound;1;1;27/05/14
Locate Creature;Bard, Cleric, Druid, Paladin, Ranger, Wizard;Divination;Action;0.00;Concentration, up to 1 hour;a bit of fur from a bloodhound;1;1;27/05/14
Locate Object;Bard, Cleric, Druid, Paladin, Ranger, Wizard;Divination;Action;0.00;Concentration, up to 10 minutes;a forked twig;1;1;27/05/14
Longstrider;Artificer, Bard, Druid, Ranger, Wizard;Transmutation;Action;0.00;1 hour;a pinch of dirt;1;1;27/05/14
Mage Armor;Sorcerer, Wizard;Abjuration;Action;0.00;8 hours;a piece of cured leather;1;1;27/05/14
Mage Hand;Artificer, Bard, Sorcerer, Warlock, Wizard;Conjuration;Action;9.15;1 minute;;1;1;27/05/14
Magic Circle;Cleric, Paladin, Warlock, Wizard;Abjuration;1 Minute;3.05;1 hour;holy water or powdered silver and iron worth at least 100 gp, which the spell consumes;1;1;27/05/14
Magic Jar;Wizard;Necromancy;1 Minute;0.00;Until dispelled;a gem, crystal, reliquary, or some other ornamental container worth at least 500 gp;1;1;27/05/14
Magic Missile;Sorcerer, Wizard;Evocation;Action;36.58;Instantaneous;;1;1;27/05/14
Magic Mouth;Artificer, Bard, Wizard;Illusion;1 Minute;9.15;Until dispelled;a small bit of honeycomb and jade dust worth at least 10 gp, which the spell consumes;1;1;27/05/14
Magic Weapon;Artificer, Paladin, Ranger, Sorcerer, Wizard;Transmutation;Bonus;0.00;Concentration, up to 1 hour;;1;1;27/05/14
Magnify Gravity;Wizard;Transmutation;Action;18.29;1 round;;1;1;27/05/14
Major Image;Bard, Sorcerer, Warlock, Wizard;Illusion;Action;36.58;Concentration, up to 10 minutes;a bit of fleece;1;1;27/05/14
Mass Cure Wounds;Bard, Cleric, Druid;Evocation;Action;18.29;Instantaneous;;1;1;27/05/14
Mass Heal;Cleric;Evocation;Action;18.29;Instantaneous;;1;1;27/05/14
Mass Healing Word;Bard, Cleric;Evocation;Bonus;18.29;Instantaneous;;1;0;27/05/14
Mass Suggestion;Bard, Sorcerer, Warlock, Wizard;Enchantment;Action;18.29;24 hours;a snake's tongue and either a bit of honeycomb or a drop of sweet oil;1;0;27/05/14
Maze;Wizard;Conjuration;Action;18.29;Concentration, up to 10 minutes;;1;1;27/05/14
Meld into Stone;Cleric, Druid, Ranger;Transmutation;Action;0.00;8 hours;;1;1;27/05/14
Melf's Acid Arrow;Wizard;Evocation;Action;27.43;Instantaneous;powdered rhubarb leaf and an adder's stomach;1;1;27/05/14
Mending;Artificer, Bard, Cleric, Druid, Sorcerer, Wizard;Transmutation;1 Minute;0.00;Instantaneous;two lodestones;1;1;27/05/14
Message;Artificer, Bard, Sorcerer, Wizard;Transmutation;Action;36.58;1 round;a short piece of copper wire;1;1;27/05/14
Meteor Swarm;Sorcerer, Wizard;Evocation;Action;1609.34;Instantaneous;;1;1;27/05/14
Mind Blank;Bard, Wizard;Abjuration;Action;0.00;24 hours;;1;1;27/05/14
Minor Illusion;Bard, Sorcerer, Warlock, Wizard;Illusion;Action;9.15;1 minute;A bit of fleece;0;1;27/05/14
Mirage Arcane;Bard, Druid, Wizard;Illusion;10 Minutes;;10 days;;1;1;27/05/14
Mirror Image;Bard, Sorcerer, Warlock, Wizard;Illusion;Action;0.00;1 minute;;1;1;27/05/14
Mislead;Bard, Warlock, Wizard;Illusion;Action;0.00;Concentration, up to 1 hour;;0;1;27/05/14
Misty Step;Sorcerer, Warlock, Wizard;Conjuration;Bonus;0.00;Instantaneous;;1;0;27/05/14
Modify Memory;Bard, Warlock, Wizard;Enchantment;Action;9.15;Concentration, up to 1 minute;;1;1;27/05/14
Moonbeam;Druid;Evocation;Action;36.58;Concentration, up to 1 minute;several seeds of any moonseed plant and a piece of opalescent feldspar;1;1;27/05/14
Mordenkainen's Faithful Hound;Artificer, Wizard;Conjuration;Action;9.15;8 hours;a tiny silver whistle, a piece of bone, and a thread;1;1;27/05/14
Mordenkainen's Magnificent Mansion;Bard, Wizard;Conjuration;1 Minute;91.44;24 hours;a miniature portal carved from ivory, a small piece of polished marble, and a tiny silver spoon, each item worth at least 5 gp;1;1;27/05/14
Mordenkainen's Private Sanctum;Artificer, Wizard;Abjuration;Action;36.58;24 hours;a thin sheet of lead, a piece of opaque glass, a wad of cotton or cloth, and powdered chrysolite;1;1;27/05/14
Mordenkainen's Sword;Bard, Wizard;Evocation;Action;18.29;Concentration, up to 1 minute;a miniature platinum sword with a grip and pommel of copper and zinc, worth 250 gp;1;1;27/05/14
Motivational Speech;Bard, Cleric;Enchantment;1 Hour;18.29;1 hour;;1;0;27/05/14
Move Earth;Druid, Sorcerer, Wizard;Transmutation;Action;36.58;Concentration, up to 2 hours;an iron blade and a small bag containing a mixture of soils – clay, loam, and sand;1;1;27/05/14
Nondetection;Bard, Ranger, Wizard;Abjuration;Action;0.00;8 hours;a pinch of diamond dust worth 25 gp sprinkled over the target, which the spell consumes;1;1;27/05/14
Nystul's Magic Aura;Wizard;Illusion;Action;0.00;24 hours;a small square of silk;1;1;27/05/14
Otiluke's Freezing Sphere;Sorcerer, Wizard;Evocation;Action;91.44;Instantaneous;a small crystal sphere;1;1;27/05/14
Otiluke's Resilient Sphere;Artificer, Wizard;Evocation;Action;9.15;Concentration, up to 1 minute;a hemispherical piece of clear crystal and a matching hemispherical piece of gum arabic;1;1;27/05/14
Otto's Irresistible Dance;Bard, Wizard;Enchantment;Action;9.15;Concentration, up to 1 minute;;1;0;27/05/14
Pass Without Trace;Druid, Ranger;Abjuration;Action;0.00;Concentration, up to 1 hour;ashes from a burned leaf of mistletoe and a sprig of spruce;1;1;27/05/14
Passwall;Wizard;Transmutation;Action;9.15;1 hour;a pinch of sesame seeds;1;1;27/05/14
Phantasmal Force;Bard, Sorcerer, Wizard;Illusion;Action;18.29;Concentration, up to 1 minute;a bit of fleece;1;1;27/05/14
Phantasmal Killer;Bard, Wizard;Illusion;Action;36.58;Concentration, up to 1 minute;;1;1;27/05/14
Phantom Steed;Wizard;Illusion;Action;9.15;1 hour;;1;1;27/05/14
Planar Ally;Cleric;Conjuration;Action;18.29;Instantaneous;;1;1;27/05/14
Planar Binding;Bard, Cleric, Druid, Warlock, Wizard;Abjuration;Action;18.29;24 hours;a jewel worth at least 1,000 gp, which the spell consumes;1;1;27/05/14
Plane Shift;Cleric, Druid, Sorcerer, Warlock, Wizard;Conjuration;Action;0.00;Instantaneous;a forked, metal rod worth at least 250 gp, attuned to a particular plane of existence;1;1;27/05/14
Plant Growth;Bard, Druid, Ranger;Transmutation;Action;45.72;Instantaneous;;1;1;27/05/14
Poison Spray;Artificer, Druid, Sorcerer, Warlock, Wizard;Conjuration;Action;3.05;Instantaneous;;1;1;27/05/14
Polymorph;Bard, Druid, Sorcerer, Wizard;Transmutation;Action;18.29;Concentration, up to 1 hour;a caterpillar cocoon;1;1;27/05/14
Power Word: Heal;Bard, Cleric;Evocation;Action;0.00;Instantaneous;;1;1;27/05/14
Power Word: Kill;Bard, Sorcerer, Warlock, Wizard;Enchantment;Action;18.29;Instantaneous;;1;0;27/05/14
Power Word: Stun;Bard, Sorcerer, Warlock, Wizard;Enchantment;Action;18.29;Instantaneous;;1;1;27/05/14
Prayer of Healing;Cleric, Paladin;Evocation;10 Minutes;0.00;Instantaneous;;1;0;27/05/14
Prestidigitation;Artificer, Bard, Sorcerer, Warlock, Wizard;Transmutation;Action;3.05;Up to 1 hour;;1;1;27/05/14
Prismatic Wall;Bard, Wizard;Abjuration;Action;18.29;10 minutes;;1;1;27/05/14
Produce Flame;Druid;Conjuration;Action;0.00;10 minutes;;1;1;27/05/14
Programmed Illusion;Bard, Wizard;Illusion;Action;36.58;Until dispelled;a bit of fleece and jade dust worth at least 25 gp;1;1;27/05/14
Project Image;Bard, Warlock, Wizard;Illusion;Action;804672.00;Concentration, up to 1 day;a small replica of you made from materials worth at least 5 gp;1;1;27/05/14
Protection from Energy;Artificer, Cleric, Druid, Ranger, Sorcerer, Wizard;Abjuration;Action;0.00;Concentration, up to 1 hour;;1;1;27/05/14
Protection from Evil and Good;Cleric, Druid, Paladin, Warlock, Wizard;Abjuration;Action;0.00;Concentration, up to 10 minutes;holy water or powdered silver and iron, which the spell consumes;1;1;27/05/14
Protection from Poison;Artificer, Cleric, Druid, Paladin, Ranger;Abjuration;Action;0.00;1 hour;;1;1;27/05/14
Purify Food and Drink;Artificer, Cleric, Druid, Paladin;Transmutation;Action;3.05;Instantaneous;;1;1;27/05/14
Raise Dead;Bard, Cleric, Paladin;Necromancy;Action;0.00;Instantaneous;a diamond worth at least 500 gp, which the spell consumes;1;1;27/05/14
Rary's Telepathic Bond;Bard, Wizard;Divination;Action;9.15;1 hour;pieces of eggshell from two different kinds of creatures;1;1;27/05/14
Ravenous Void;Wizard;Evocation;Action;304.80;Concentration, up to 1 minute;a small, nine-pointed star made of iron;1;1;27/05/14
Ray of Enfeeblement;Warlock, Wizard;Necromancy;Action;18.29;Concentration, up to 1 minute;;1;1;27/05/14
Ray of Frost;Artificer, Sorcerer, Wizard;Evocation;Action;18.29;Instantaneous;;1;1;27/05/14
Ray of Sickness;Sorcerer, Wizard;Necromancy;Action;18.29;Instantaneous;;1;1;27/05/14
Reality Break;Wizard;Conjuration;Action;18.29;Concentration, up to 1 minute;a crystal prism;1;1;27/05/14
Regenerate;Bard, Cleric, Druid;Transmutation;1 Minute;0.00;1 hour;a prayer wheel and holy water;1;1;27/05/14
Reincarnate;Druid;Transmutation;Action;0.00;Instantaneous;rare oils and unguents worth at least 1,000 gp, which the spell consumes;1;1;27/05/14
Remove Curse;Cleric, Paladin, Warlock, Wizard;Abjuration;Action;0.00;Instantaneous;;1;1;27/05/14
Resistance;Artificer, Cleric, Druid;Abjuration;Action;0.00;Concentration, up to 1 minute;a miniatrue cloak;1;1;27/05/14
Resurrection;Bard, Cleric;Necromancy;1 Hour;0.00;Instantaneous;a diamond worth at least 1,000 gp, which the spell consumes;1;1;27/05/14
Reverse Gravity;Druid, Sorcerer, Wizard;Transmutation;Action;30.48;Concentration, up to 1 minute;a lodestone and iron filings;1;1;27/05/14
Revivify;Artificer, Cleric, Druid, Paladin, Ranger;Necromancy;Action;0.00;Instantaneous;diamonds worth 300 gp, which the spell consumes;1;1;27/05/14
Rope Trick;Artificer, Wizard;Transmutation;Action;0.00;1 hour;powdered corn extract and a twisted loop of parchment;1;1;27/05/14
Sacred Flame;Cleric;Evocation;Action;18.29;Instantaneous;;1;1;27/05/14
Sanctuary;Artificer, Cleric;Abjuration;Bonus;9.15;1 minute;a small silver mirror;1;1;27/05/14
Scorching Ray;Sorcerer, Wizard;Evocation;Action;36.58;Instantaneous;;1;1;27/05/14
Scrying;Bard, Cleric, Druid, Warlock, Wizard;Divination;10 Minutes;0.00;Concentration, up to 10 minutes;a focus worth at least 1,000 gp, such as a crystal ball, a silver mirror, or a font filled with holy water;1;1;27/05/14
Searing Smite;Paladin, Ranger;Evocation;Bonus;0.00;Concentration, up to 1 minute;;1;0;27/05/14
See Invisibility;Artificer, Bard, Sorcerer, Wizard;Divination;Action;0.00;1 hour;pinch of talc and a small sprinkling of powdered silver;1;1;27/05/14
Seeming;Bard, Sorcerer, Wizard;Illusion;Action;9.15;8 hours;;1;1;27/05/14
Sending;Bard, Cleric, Wizard;Evocation;Action;;1 round;a short piece of fine copper wire;1;1;27/05/14
Sequester;Wizard;Transmutation;Action;0.00;Until dispelled;a powder composed of diamond, emerald, ruby, and sapphire dust worth at least 5,000 gp, which the spell consumes;1;1;27/05/14
Shapechange;Druid, Warlock, Wizard;Transmutation;Action;0.00;Concentration, up to 1 hour;a jade circlet worth at least 1,500 gp, which you must place on your head before you cast the spell;1;1;27/05/14
Shatter;Bard, Sorcerer, Warlock, Wizard;Evocation;Action;18.29;Instantaneous;a chip of mica;1;1;27/05/14
Shield;Sorcerer, Wizard;Abjuration;Reaction;0.00;1 round;;1;1;27/05/14
Shield of Faith;Cleric, Paladin;Abjuration;Bonus;18.29;Concentration, up to 1 minute;a small parchment with a bit of holy text written on it;1;1;27/05/14
Shillelagh;Druid;Transmutation;Bonus;0.00;1 minute;mistletoe, a shamrock leaf, and a club or quarterstaff;1;1;27/05/14
Shocking Grasp;Artificer, Sorcerer, Wizard;Evocation;Action;0.00;Instantaneous;;1;1;27/05/14
Silence;Bard, Cleric, Ranger;Illusion;Action;36.58;Concentration, up to 10 minutes;;1;1;27/05/14
Silent Image;Bard, Sorcerer, Wizard;Illusion;Action;18.29;Concentration, up to 10 minutes;a bit of fleece;1;1;27/05/14
Simulacrum;Wizard;Illusion;12 Hours;0.00;Until dispelled;snow or ice in quantities sufficient to made a life-size copy of the duplicated creature, some hair, fingernail clippings, or other piece of that creature's body placed inside the snow or ice, and powdered ruby worth 1,500 gp, sprinkled over the duplicate and consumed by the spell;1;1;27/05/14
Sleep;Bard, Sorcerer, Wizard;Enchantment;Action;27.43;1 minute;a pinch of fine sand, rose petals, or a cricket;1;1;27/05/14
Sleet Storm;Druid, Sorcerer, Wizard;Conjuration;Action;36.58;Concentration, up to 1 minute;a pinch of dust and a few drops of water;1;1;27/05/14
Slow;Bard, Sorcerer, Wizard;Transmutation;Action;36.58;Concentration, up to 1 minute;a drop of molasses;1;1;27/05/14
Spare the Dying;Artificer, Cleric;Necromancy;Action;0.00;Instantaneous;;1;1;27/05/14
Speak with Animals;Bard, Druid, Ranger;Divination;Action;0.00;10 minutes;;1;1;27/05/14
Speak with Dead;Bard, Cleric, Wizard;Necromancy;Action;3.05;10 minutes;burning incense;1;1;27/05/14
Speak with Plants;Bard, Druid, Ranger;Transmutation;Action;0.00;10 minutes;;1;1;27/05/14
Spider Climb;Artificer, Sorcerer, Warlock, Wizard;Transmutation;Action;0.00;Concentration, up to 1 hour;a drop of bitumen and a spider;1;1;27/05/14
Spike Growth;Druid, Ranger;Transmutation;Action;45.72;Concentration, up to 10 minutes;seven sharp thorns or seven small twigs, each sharpened to a point;1;1;27/05/14
Spirit Guardians;Cleric;Conjuration;Action;0.00;Concentration, up to 10 minutes;a holy symbol;1;1;27/05/14
Spirit Shroud;Cleric, Paladin, Warlock, Wizard;Necromancy;Bonus;0.00;Concentration, up to 1 minute;;1;1;27/05/14
Spiritual Weapon;Cleric;Evocation;Bonus;18.29;1 minute;;1;1;27/05/14
Staggering Smite;Paladin;Evocation;Bonus;0.00;Concentration, up to 1 minute;;1;0;27/05/14
Stinking Cloud;Bard, Sorcerer, Wizard;Conjuration;Action;27.43;Concentration, up to 1 minute;a rotten egg or several skunk cabbage leaves;1;1;27/05/14
Stone Shape;Artificer, Cleric, Druid, Wizard;Transmutation;Action;0.00;Instantaneous;soft clay, which must be worked into roughly the desired shape of the stone object;1;1;27/05/14
Stoneskin;Artificer, Druid, Ranger, Sorcerer, Wizard;Abjuration;Action;0.00;Concentration, up to 1 hour;diamond dust worth 100 gp, which the spell consumes;1;1;27/05/14
Storm of Vengeance;Druid;Conjuration;Action;;Concentration, up to 1 minute;;1;1;27/05/14
Suggestion;Bard, Sorcerer, Warlock, Wizard;Enchantment;Action;9.15;Concentration, up to 8 hours;a snake's tongue and either a bit of honeycomb or a drop of sweet oil;1;0;27/05/14
Sunbeam;Cleric, Druid, Sorcerer, Wizard;Evocation;Action;0.00;Concentration, up to 1 minute;a magnifying glass;1;1;27/05/14
Sunburst;Cleric, Druid, Sorcerer, Wizard;Evocation;Action;45.72;Instantaneous;fire and a piece of sunstone;1;1;27/05/14
Swift Quiver;Ranger;Transmutation;Bonus;0.00;Concentration, up to 1 minute;a quiver containing at least one piece of ammunition;1;1;27/05/14
Symbol;Bard, Cleric, Druid, Wizard;Abjuration;1 Minute;0.00;Until dispelled or triggered;mercury, phosphorus, and powdered diamond and opal with a total value of at least 1,000 gp, which the spell consumes;1;1;27/05/14
Tasha's Hideous Laughter;Bard, Wizard;Enchantment;Action;9.15;Concentration, up to 1 minute;tiny tarts and a feather that is waved in the air;1;1;27/05/14
Telekinesis;Sorcerer, Wizard;Transmutation;Action;18.29;Concentration, up to 10 minutes;;1;1;27/05/14
Telepathy;Wizard;Evocation;Action;;24 hours;a pair of linked silver rings;1;1;27/05/14
Teleport;Bard, Sorcerer, Wizard;Conjuration;Action;3.05;Instantaneous;;1;0;27/05/14
Teleportation Circle;Bard, Sorcerer, Warlock, Wizard;Conjuration;Action;3.05;1 round;rare chalks and inks infused with precious gems with 50 gp, which the spell consumes;1;0;27/05/14
Tenser's Floating Disk;Wizard;Conjuration;Action;9.15;1 hour;a drop of mercury;1;1;27/05/14
Thaumaturgy;Cleric;Transmutation;Action;9.15;Up to 1 minute;;1;0;27/05/14
Thorn Whip;Artificer, Druid;Transmutation;Action;9.15;Instantaneous;the stem of a plant with thorns;1;1;27/05/14
Thunderous Smite;Paladin;Evocation;Bonus;0.00;Concentration, up to 1 minute;;1;0;27/05/14
Thunderwave;Bard, Druid, Sorcerer, Wizard;Evocation;Action;0.00;Instantaneous;;1;1;27/05/14
Time Stop;Sorcerer, Wizard;Transmutation;Action;0.00;Instantaneous;;1;0;27/05/14
Tongues;Bard, Cleric, Sorcerer, Warlock, Wizard;Divination;Action;0.00;1 hour;a small clay model of a ziggurat;1;0;27/05/14
Transport via Plants;Druid;Conjuration;Action;3.05;1 round;;1;1;27/05/14
Tree Stride;Druid, Ranger;Conjuration;Action;0.00;Concentration, up to 1 minute;;1;1;27/05/14
True Polymorph;Bard, Warlock, Wizard;Transmutation;Action;9.15;Concentration, up to 1 hour;a drop of mercury, a dollop of gum arabic, and a wisp of smoke;1;1;27/05/14
True Resurrection;Cleric, Druid;Necromancy;1 Hour;0.00;Instantaneous;a sprinkle of holy water and diamonds worth at least 25,000 gp, which the spell consumes;1;1;27/05/14
True Seeing;Bard, Cleric, Sorcerer, Warlock, Wizard;Divination;Action;0.00;1 hour;an ointment for the eyes that costs 25 gp, is made from mushroom powder, saffron, and fat, and is consumed by the spell;1;1;27/05/14
True Strike;Bard, Sorcerer, Warlock, Wizard;Divination;Action;9.15;Concentration up to 1 round;;0;1;27/05/14
Tsunami;Druid;Conjuration;Action;;Concentration, up to 6 rounds;;1;1;27/05/14
Unseen Servant;Bard, Warlock, Wizard;Conjuration;Action;18.29;1 hour;a piece of string and a bit of wood;1;1;27/05/14
Vampiric Touch;Sorcerer, Warlock, Wizard;Necromancy;Action;0.00;Concentration, up to 1 minute;;1;1;27/05/14
Vicious Mockery;Bard;Enchantment;Action;18.29;Instantaneous;;1;0;27/05/14
Wall of Fire;Druid, Sorcerer, Wizard;Evocation;Action;36.58;Concentration, up to 1 minute;a small piece of phosphorus;1;1;27/05/14
Wall of Force;Wizard;Evocation;Action;36.58;Concentration, up to 10 minutes;a pinch of powder made by crushing a clear gemstone;1;1;27/05/14
Wall of Ice;Wizard;Evocation;Action;36.58;Concentration, up to 10 minutes;a small piece of quartz;1;1;27/05/14
Wall of Stone;Artificer, Druid, Sorcerer, Wizard;Evocation;Action;36.58;Concentration, up to 10 minutes;a small block of granite;1;1;27/05/14
Wall of Thorns;Druid;Conjuration;Action;36.58;Concentration, up to 10 minutes;a handful of thorns;1;1;27/05/14
Warding Bond;Cleric, Paladin;Abjuration;Action;0.00;1 hour;a pair of platinum rings worth at least 50 gp each, which you and target must wear for the duration;1;1;27/05/14
Water Breathing;Artificer, Druid, Ranger, Sorcerer, Wizard;Transmutation;Action;9.15;24 hours;a short reed or piece of straw;1;1;27/05/14
Water Walk;Artificer, Cleric, Druid, Ranger, Sorcerer;Transmutation;Action;9.15;1 hour;a piece of cork;1;1;27/05/14
Web;Artificer, Sorcerer, Wizard;Conjuration;Action;18.29;Concentration, up to 1 hour;a bit of spiderweb;1;1;27/05/14
Weird;Warlock, Wizard;Illusion;Action;36.58;Concentration, up to 1 minute;;1;1;27/05/14
Wind Walk;Druid;Transmutation;1 Minute;9.15;8 hours;fire and holy water;1;1;27/05/14
Wind Wall;Druid, Ranger;Evocation;Action;36.58;Concentration, up to 1 minute;a tiny fan and a feather of exotic origin;1;1;27/05/14
Wish;Sorcerer, Wizard;Conjuration;Action;0.00;Instantaneous;;1;0;27/05/14
Witch Bolt;Sorcerer, Warlock, Wizard;Evocation;Action;9.15;Concentration, up to 1 minute;a twig from a tree that has been struck by lightning;1;1;27/05/14
Word of Recall;Cleric;Conjuration;Action;1.52;Instantaneous;;1;0;27/05/14
Wrathful Smite;Paladin;Evocation;Bonus;0.00;Concentration, up to 1 minute;;1;0;27/05/14
Zone of Truth;Bard, Cleric, Paladin;Enchantment;Action;18.29;10 minutes;;1;1;27/05/14
Acid Stream (UA);Sorcerer, Wizard;Evocation;Action;0.00;Concentration, up to 1 minute;a bit of rotten food;1;1;02/02/15
Arcane Hacking (UA);Sorcerer, Warlock, Wizard;Transmutation;Action;0.00;Concentration, up to 1 hour;hacking tools;1;1;02/02/15
Arcane Weapon (UA);Artificer;Transmutation;Bonus;0.00;Concentration, up to 1 hour;;1;1;02/02/15
Commune with City (UA);Sorcerer, Warlock, Wizard;Divination;1 Minute;0.00;Instantaneous;;1;1;02/02/15
Conjure Barlgura (UA);Sorcerer, Wizard;Conjuration;Action;18.29;Up to 10 minutes;;1;1;02/02/15
Conjure Hezrou (UA);Sorcerer, Wizard;Conjuration;Action;18.29;Concentration, up to 1 hour;food worth at least 100 gp, which the spell consumes;1;1;02/02/15
Conjure Knowbot (UA);Sorcerer, Warlock, Wizard;Conjuration;Action;0.00;10 minutes;;1;1;02/02/15
Conjure Lesser Demon (UA);Sorcerer, Wizard;Conjuration;Action;18.29;Concentration, up to 1 hour;a vial of blood from an intelligent humanoid killed within the past 24 hours;1;1;02/02/15
Conjure Shadow Demon (UA);Sorcerer, Wizard;Conjuration;Action;18.29;Concentration, up to 1 hour;a vial of blood from an intelligent humanoid killed within the past 24 hours;1;1;02/02/15
Conjure Vrock (UA);Sorcerer, Wizard;Conjuration;Action;18.29;Concentration, up to 1 hour;a gem worth at least 100 gp, which the spell consumes;1;1;02/02/15
Digital Phantom (UA);Sorcerer, Warlock, Wizard;Abjuration;Action;0.00;Concentration, up to 1 hour;a small piece of copper wire;1;1;02/02/15
Draconic Transformation (UA);Druid, Sorcerer, Wizard;Transmutation;Bonus;0.00;Concentration, up to 1 minute;a statuette of a dragon, worth at least 500 gp;1;1;02/02/15
Ego Whip (UA);Sorcerer, Warlock, Wizard;Enchantment;Action;9.15;Concentration, up to 1 minute;;1;0;02/02/15
Find Vehicle (UA);Paladin, Sorcerer, Warlock, Wizard;Conjuration;10 Minutes;9.15;8 hours;;1;1;02/02/15
Fizban's Platinum Shield (UA);Sorcerer, Wizard;Abjuration;Action;18.29;Concentration, up to 1 minute;a platinum-plated dragon scale, worth at least 500 gp;1;1;02/02/15
Guiding Hand (UA);Bard, Cleric, Druid, Wizard;Divination;1 Minute;1.52;Concentration, up to 8 hours;;1;1;02/02/15
Hand of Radiance (UA);Cleric;Evocation;Action;1.52;Instantaneous;;1;1;02/02/15
Haywire (UA);Sorcerer, Warlock, Wizard;Enchantment;Action;27.43;Concentration, up to 1 minute;;1;1;02/02/15
Healing Elixir (UA);Warlock, Wizard;Conjuration;1 Minute;0.00;24 hours;alchemist's supplies;1;1;02/02/15
Icingdeath's Frost (UA);Sorcerer, Wizard;Evocation;Action;0.00;Instantaneous;a vial of meltwater;0;1;02/02/15
Id Insinuation (UA);Sorcerer, Warlock, Wizard;Enchantment;Action;18.29;Concentration, up to 1 minute;;1;1;02/02/15
Infallible Relay (UA);Sorcerer, Warlock, Wizard;Divination;1 Minute;0.00;Concentration, up to 10 minutes;a mobile phone;1;1;02/02/15
Invisibility To Cameras (UA);Sorcerer, Warlock, Wizard;Illusion;Action;3.05;Concentration, up to 1 minute;a scrap of black paper;1;1;02/02/15
Mental Barrier (UA);Sorcerer, Warlock, Wizard;Abjuration;Reaction;0.00;1 round;;1;0;02/02/15
Mind Thrust (UA);Sorcerer, Warlock, Wizard;Enchantment;Bonus;18.29;1 round;;1;1;02/02/15
Nathair's Mischief (UA);Bard, Sorcerer, Wizard;Illusion;Action;18.29;Concentration, up to 1 minute;a piece of crust from an apple pie;0;1;02/02/15
Otherworldly Form (UA);Cleric, Sorcerer, Warlock, Wizard;Transmutation;Action;0.00;Concentration, up to 1 minute;an object engraved with a symbol of the Outer Planes, worth at least 500 gp;1;1;02/02/15
Protection from Ballistics (UA);Sorcerer, Warlock, Wizard;Abjuration;Action;0.00;Concentration, up to 10 minutes;a shell casing;1;1;02/02/15
Psionic Blast (UA);Sorcerer, Warlock, Wizard;Evocation;Action;0.00;Instantaneous;;1;0;02/02/15
Psychic Crush (UA);Sorcerer, Warlock, Wizard;Enchantment;Action;18.29;1 minute;;1;1;02/02/15
Puppet (UA);Bard, Warlock, Wizard;Enchantment;Action;36.58;Instantaneous;;1;0;02/02/15
Raulothim's Psychic Lance (UA);Bard, Sorcerer, Warlock, Wizard;Enchantment;Action;36.58;Instantaneous;;1;0;02/02/15
Remote Access (UA);Sorcerer, Warlock, Wizard;Transmutation;Action;36.58;10 minutes;;1;1;02/02/15
Sense Emotion (UA);Bard, Warlock, Wizard;Divination;Action;0.00;Concentration, up to 1 minute;;1;1;02/02/15
Shutdown (UA);Sorcerer, Warlock, Wizard;Transmutation;Action;36.58;Concentration, up to 1 minute;;1;1;02/02/15
Sudden Awakening (UA);Bard, Ranger, Sorcerer, Wizard;Enchantment;Bonus;3.05;Instantaneous;;1;0;02/02/15
Summon Draconic Spirit (UA);Druid, Sorcerer, Wizard;Conjuration;Action;18.29;Concentration, up to 1 hour;an art object from a dragon's hoard, worth at least 500 gp;1;1;02/02/15
Synchronicity (UA);Sorcerer, Warlock, Wizard;Enchantment;Action;0.00;Concentration, up to 1 hour;;1;1;02/02/15
System Backdoor (UA);Sorcerer, Warlock, Wizard;Transmutation;1 Minute;0.00;Concentration, up to 1 hour;hacking tools;1;1;02/02/15
Thought Shield (UA);Sorcerer, Warlock, Wizard;Abjuration;Action;0.00;8 hours;;1;1;02/02/15
Wild Cunning (UA);Druid, Ranger;Transmutation;Action;36.58;Instantaneous;;1;1;02/02/15
Abi-Dalzim's Horrid Wilting;Sorcerer, Warlock, Wizard;Necromancy;Action;45.72;Instantaneous;a bit of sponge;1;1;01/03/15
Absorb Elements;Artificer, Druid, Ranger, Sorcerer, Wizard;Abjuration;Reaction;0.00;1 round;;0;1;01/03/15
Aganazzar's Scorcher;Sorcerer, Wizard;Evocation;Action;9.15;Instantaneous;a red dragon's scale;1;1;01/03/15
Beast Bond;Druid, Ranger;Divination;Action;0.00;Concentration, up to 1 minute;a bit of fur wrapped in cloth;1;1;01/03/15
Bones of the Earth;Druid;Transmutation;Action;36.58;Instantaneous;;1;1;01/03/15
Catapult;Artificer, Sorcerer, Wizard;Transmutation;Action;18.29;Instantaneous;;0;1;01/03/15
Control Flames;Druid, Sorcerer, Wizard;Transmutation;Action;18.29;Instantaneous or 1 hour;;0;1;01/03/15
Control Winds;Druid, Sorcerer, Wizard;Transmutation;Action;91.44;Concentration, up to 1 hour;;1;1;01/03/15
Create Bonfire;Druid, Sorcerer, Warlock, Wizard;Conjuration;Action;18.29;Concentration, up to 1 minute;;1;1;01/03/15
Dust Devil;Druid, Sorcerer, Wizard;Conjuration;Action;18.29;Concentration, up to 1 minute;a pinch of dust;1;1;01/03/15
Earth Tremor;Bard, Druid, Sorcerer, Wizard;Evocation;Action;0.00;Instantaneous;;1;1;01/03/15
Earthbind;Druid, Sorcerer, Warlock, Wizard;Transmutation;Action;91.44;Concentration, up to 1 minute;;1;0;01/03/15
Elemental Bane;Druid, Warlock, Wizard, Artificer;Transmutation;Action;27.43;Concentration, up to 1 minute;;1;1;01/03/15
Erupting Earth;Druid, Sorcerer, Wizard;Transmutation;Action;36.58;Instantaneous;a piece of obsidian;1;1;01/03/15
Flame Arrows;Artificer, Druid, Ranger, Sorcerer, Wizard;Transmutation;Action;0.00;Concentration, up to 1 hour;;1;1;01/03/15
Frostbite;Artificer, Druid, Sorcerer, Warlock, Wizard;Evocation;Action;18.29;Instantaneous;;1;1;01/03/15
Gust;Druid, Sorcerer, Wizard;Transmutation;Action;9.15;Instantaneous;;1;1;01/03/15
Ice Knife;Druid, Sorcerer, Wizard;Conjuration;Action;18.29;Instantaneous;a drop of water or piece of ice;0;1;01/03/15
Immolation;Sorcerer, Wizard;Evocation;Action;27.43;Concentration, up to 1 minute;;1;0;01/03/15
Investiture of Flame;Druid, Sorcerer, Warlock, Wizard;Transmutation;Action;0.00;Concentration, up to 10 minutes;;1;1;01/03/15
Investiture of Ice;Druid, Sorcerer, Warlock, Wizard;Transmutation;Action;0.00;Concentration, up to 10 minutes;;1;1;01/03/15
Investiture of Stone;Druid, Sorcerer, Warlock, Wizard;Transmutation;Action;0.00;Concentration, up to 10 minutes;;1;1;01/03/15
Investiture of Wind;Druid, Sorcerer, Warlock, Wizard;Transmutation;Action;0.00;Concentration, up to 10 minutes;;1;1;01/03/15
Maelstrom;Druid;Evocation;Action;36.58;Concentration, up to 1 minute;paper or leaf in the shape of a funnel;1;1;01/03/15
Magic Stone;Druid, Warlock, Artificer;Transmutation;Bonus;0.00;1 minute;;1;1;01/03/15
Maximillian's Earthen Grasp;Sorcerer, Wizard;Transmutation;Action;9.15;Concentration, up to 1 minute;a miniature hand sculpted from clay;1;1;01/03/15
Melf's Minute Meteors;Sorcerer, Wizard;Evocation;Action;36.58;Concentration, up to 10 minutes;niter, sulfur, and pine tar formed into a bead;1;1;01/03/15
Mold Earth;Druid, Sorcerer, Wizard;Transmutation;Action;9.15;Instantaneous or 1 hour;;0;1;01/03/15
Primordial Ward;Druid;Abjuration;Action;0.00;Concentration, up to 1 minute;;1;1;01/03/15
Pyrotechnics;Artificer, Bard, Sorcerer, Wizard;Transmutation;Action;18.29;Instantaneous;;1;1;01/03/15
Shape Water;Druid, Sorcerer, Wizard;Transmutation;Action;9.15;Instantaneous or 1 hour;;0;1;01/03/15
Skywrite;Bard, Druid, Wizard, Artificer;Transmutation;Action;;Concentration, up to 1 day;;1;1;01/03/15
Snilloc's Snowball Storm;Sorcerer, Wizard;Evocation;Action;27.43;Instantaneous;a piece of ice or a small white rock chip;1;1;01/03/15
Storm Sphere;Sorcerer, Wizard;Evocation;Action;45.72;Concentration, up to 1 minute;;1;1;01/03/15
Thunderclap;Bard, Druid, Sorcerer, Warlock, Wizard, Artificer;Evocation;Action;0.00;Instantaneous;;0;1;01/03/15
Tidal Wave;Druid, Wizard;Conjuration;Action;36.58;Instantaneous;a drop of water;1;1;01/03/15
Transmute Rock;Druid, Wizard, Artificer;Transmutation;Action;36.58;Instantaneous;clay and water;1;1;01/03/15
Vitriolic Sphere;Sorcerer, Wizard;Evocation;Action;45.72;Instantaneous;a drop of giant slug bile;1;1;01/03/15
Wall of Sand;Wizard;Evocation;Action;27.43;Concentration, up to 10 minutes;a handful of sand;1;1;01/03/15
Wall of Water;Druid, Sorcerer, Wizard;Evocation;Action;18.29;Concentration, up to 10 minutes;a drop of water;1;1;01/03/15
Warding Wind;Bard, Druid, Sorcerer, Wizard;Evocation;Action;0.00;Concentration, up to 10 minutes;;1;0;01/03/15
Watery Sphere;Druid, Sorcerer, Wizard;Conjuration;Action;27.43;Concentration, up to 1 minute;a droplet of water;1;1;01/03/15
Whirlwind;Druid, Wizard;Evocation;Action;91.44;Concentration, up to 1 minute;a piece of straw;1;0;01/03/15
Booming Blade;Artificer, Sorcerer, Warlock, Wizard;Evocation;Action;0.00;1 round;a melee weapon worth at least 1 sp;0;1;03/11/15
Green-Flame Blade;Artificer, Sorcerer, Warlock, Wizard;Evocation;Action;0.00;Instantaneous;a melee weapon worth at least 1 sp;0;1;03/11/15
Lightning Lure;Artificer, Sorcerer, Warlock, Wizard;Evocation;Action;0.00;Instantaneous;;1;0;03/11/15
Sword Burst;Artificer, Sorcerer, Warlock, Wizard;Conjuration;Action;0.00;Instantaneous;;1;0;03/11/15
Catnap;Artificer, Bard, Sorcerer, Wizard;Enchantment;Action;9.15;10 minutes;a pinch of sand;0;1;22/11/17
Cause Fear;Warlock, Wizard;Necromancy;Action;18.29;Concentration, up to 1 minute;;1;1;22/11/17
Ceremony;Cleric, Paladin;Evocation;Action;0.00;Instantaneous;25 gp worth of powdered silver, which the spell consumes;1;1;22/11/17
Chaos Bolt;Sorcerer;Evocation;Action;36.58;Instantaneous;;1;1;22/11/17
Charm Monster;Bard, Druid, Sorcerer, Warlock, Wizard;Enchantment;Action;9.15;1 hour;;1;1;22/11/17
Crown Of Stars;Sorcerer, Warlock, Wizard;Conjuration;Action;0.00;1 hour;;1;1;22/11/17
Danse Macabre;Warlock, Wizard;Necromancy;Action;18.29;Concentration, up to 1 hour;;1;1;22/11/17
Dawn;Cleric, Wizard;Evocation;Action;18.29;Concentration, up to 1 minute;a sunburst pendant worth at least 100 gp;1;1;22/11/17
Dragon's Breath;Sorcerer, Wizard;Transmutation;Action;0.00;Concentration, up to 1 minute;a hot pepper;1;1;22/11/17
Druid Grove;Druid;Abjuration;10 Minutes;0.00;24 hours;mistletoe, which the spell consumes, that was harvested with a golden sickle under the light of a full moon;1;1;22/11/17
Enemies Abound;Bard, Sorcerer, Warlock, Wizard;Enchantment;Action;36.58;Concentration, up to 1 minute;;1;1;22/11/17
Enervation;Sorcerer, Warlock, Wizard;Necromancy;Action;18.29;Concentration, up to 1 minute;;1;1;22/11/17
Find Greater Steed;Paladin;Conjuration;10 Minutes;9.15;Instantaneous;;1;1;22/11/17
Guardian of Nature;Druid, Ranger;Transmutation;Bonus;0.00;Concentration, up to 1 minute;;1;0;22/11/17
Healing Spirit;Druid, Ranger;Conjuration;Bonus;18.29;Concentration, up to 1 minute;;1;1;22/11/17
Holy Weapon;Cleric, Paladin;Evocation;Bonus;0.00;Concentration, up to 1 hour;;1;1;22/11/17
Illusory Dragon;Wizard;Illusion;Action;36.58;Concentration, up to 1 minute;;0;1;22/11/17
Infernal Calling;Warlock, Wizard;Conjuration;1 Minute;27.43;Concentration, up to 1 hour;a ruby worth at least 999 gp;1;1;22/11/17
Infestation;Druid, Sorcerer, Warlock, Wizard;Conjuration;Action;9.15;Instantaneous;a living flea;1;1;22/11/17
Invulnerability;Wizard;Abjuration;Action;0.00;Concentration, up to 10 minutes;a small piece of adamantine worth at least 500 gp, which the spell consumes;1;1;22/11/17
Life Transference;Cleric, Wizard;Evocation;Action;9.15;Instantaneous;;1;1;22/11/17
Maddening Darkness;Warlock, Wizard;Evocation;Action;45.72;Concentration, up to 10 minutes;a drop of pitch mixed with a drop of mercury;1;0;22/11/17
Mass Polymorph;Bard, Sorcerer, Wizard;Transmutation;Action;36.58;Concentration, up to 1 hour;a caterpillar cocoon;1;1;22/11/17
Mental Prison;Sorcerer, Warlock, Wizard;Illusion;Action;18.29;Concentration, up to 1 minute;;0;1;22/11/17
Mighty Fortress;Wizard;Conjuration;1 Minute;1609.34;Instantaneous;a diamond worth at least 500 gp, which the spell consumes;1;1;22/11/17
Negative Energy Flood;Warlock, Wizard;Necromancy;Action;18.29;Instantaneous;a broken bone and a square of black silk;1;0;22/11/17
Primal Savagery;Druid;Transmutation;Action;0.00;Instantaneous;;0;1;22/11/17
Prismatic Spray;Bard, Sorcerer, Wizard;Evocation;Action;0.00;Instantaneous;;1;1;22/11/17
Scatter;Sorcerer, Warlock, Wizard;Conjuration;Action;9.15;Instantaneous;;1;0;22/11/17
Shadow Blade;Sorcerer, Warlock, Wizard;Illusion;Bonus;0.00;Concentration, up to 1 minute;;1;1;22/11/17
Shadow Of Moil;Warlock;Necromancy;Action;0.00;Concentration, up to 1 minute;an undead eyeball encased in a gem worth at least 150 gp;1;1;22/11/17
Skill Empowerment;Artificer, Bard, Sorcerer, Wizard;Transmutation;Action;0.00;Concentration, up to 1 hour;;1;1;22/11/17
Snare;Artificer, Druid, Ranger, Wizard;Abjuration;1 Minute;0.00;Until dispelled or triggered;30 feet of cord or rope, which is consumed by the spell;1;1;22/11/17
Soul Cage;Warlock, Wizard;Necromancy;Reaction;18.29;8 hours;a tiny silver cage worth 100 gp;1;1;22/11/17
Steel Wind Strike;Ranger, Wizard;Conjuration;Action;9.15;Instantaneous;a melee weapon worth at least 1 sp;0;1;22/11/17
Summon Greater Demon;Warlock, Wizard;Conjuration;Action;18.29;Concentration, up to 1 hour;a vial of blood from a humanoid killed within the past 24 hours;1;1;22/11/17
Summon Lesser Demons;Warlock, Wizard;Conjuration;Action;18.29;Concentration, up to 1 hour;a vial of blood from a humanoid killed within the past 24 hours;1;1;22/11/17
Synaptic Static;Bard, Sorcerer, Warlock, Wizard;Enchantment;Action;36.58;Instantaneous;;1;1;22/11/17
Temple of the Gods;Cleric;Conjuration;1 Hour;36.58;24 hours;a holy symbol worth at least 5 gp;1;1;22/11/17
Tenser's Transformation;Wizard;Transmutation;Action;0.00;Concentration, up to 10 minutes;a few hairs from a bull;1;1;22/11/17
Thunder Step;Sorcerer, Warlock, Wizard;Conjuration;Action;27.43;Instantaneous;;1;0;22/11/17
Tiny Servant;Artificer, Wizard;Transmutation;1 Minute;0.00;8 hours;;1;1;22/11/17
Toll the Dead;Cleric, Warlock, Wizard;Necromancy;Action;18.29;Instantaneous;;1;1;22/11/17
Unearthly Chorus (UA);Bard;Illusion;Action;0.00;Concentration, up to 10 minutes;;1;0;02/02/15
Wrath Of Nature;Druid, Ranger;Evocation;Action;36.58;Concentration, up to 1 minute;;1;1;22/11/17
Zephyr Strike;Ranger;Transmutation;Bonus;0.00;Concentration, up to 1 minute;;1;0;22/11/17
Create Magen;Wizard;Transmutation;1 Hour;0.00;Instantaneous;a vial of quicksilver worth 500 gp and a life-sized human doll, both of which the spell consumes, and an intricate crystal rod worth at least 1,500 gp that is not consumed;1;1;22/11/17
Far Step;Sorcerer, Warlock, Wizard;Conjuration;Bonus;0.00;Concentration, up to 1 minute;;1;0;22/11/17
Mind Spike;Sorcerer, Warlock, Wizard;Divination;Action;18.29;Concentration, up to 1 hour;;0;1;22/11/17
On/Off (UA);Sorcerer, Warlock, Wizard;Transmutation;Action;18.29;Instantaneous;;1;1;02/02/15
Power Word: Pain;Sorcerer, Warlock, Wizard;Enchantment;Action;18.29;Instantaneous;;1;0;22/11/17
Psychic Scream;Bard, Sorcerer, Warlock, Wizard;Enchantment;Action;27.43;Instantaneous;;0;1;22/11/17
Sickening Radiance;Sorcerer, Warlock, Wizard;Evocation;Action;36.58;Concentration, up to 10 minutes;;1;1;22/11/17
Virtue (UA);Cleric;Abjuration;Action;0.00;1 round;;1;1;02/02/15
Wall Of Light;Sorcerer, Warlock, Wizard;Evocation;Action;36.58;Concentration, up to 10 minutes;a hand mirror;1;1;22/11/17
Word of Radiance;Cleric;Evocation;Action;1.52;Instantaneous;a holy symbol;1;0;22/11/17
